"Table A1  The 20 fields in the dataset, with the share of listings in each category"
Field,Type,Unit or values,Note
Brand,Text,13 brands after trimming,"Luxury = Audi, BMW, Mercedes; about 7.7% each"
Model,Text,"39 models, each with one brand",About 2.6% each
Year,Numeric,2000 to 2024,Year + Registration_Age = 2025
Mileage_kmpl,Numeric,km per litre,"Fuel efficiency, not distance"
Engine_CC,Numeric,cc,
Horsepower,Numeric,hp,
Fuel_Type,Text,"CNG, Diesel, Electric, Hybrid, Petrol, Unknown","Petrol 41.2%, Diesel 27.7%, CNG 9.0%, Electric 7.5%, Hybrid 6.6%, Unknown 7.8%"
Transmission,Text,"Automatic, Manual, Unknown","Manual 59.8%, Automatic 32.2%, Unknown 8.0%"
Owner_Type,Text,"First, Second, Third, Fourth+","First 59.9%, Second 25.0%, Third 10.0%, Fourth+ 5.0%"
Color,Text,"7 colours, Unknown",13.1% to 13.2% each; Unknown 8.0%
City,Text,"8 cities, Unknown",11.4% to 11.5% each; Unknown 8.0%
Kms_Driven,Numeric,km,"Usage; cap 1,000,000 for analysis"
Insurance_Valid,Binary,1 = valid,84.9% valid
Service_History,Binary,1 = records available,75.1% available
Accidents,Numeric,"count, 0 to 5","0: 74.1%, 1: 22.2%, 2 or more: 3.7%"
Tax_Paid,Binary,1 = paid,90.0% paid
Number_of_Doors,Numeric,"2, 4 or 5","4: 60.1%, 5: 34.9%, 2: 5.0%"
Seats,Numeric,"2, 4, 5 or 7","5: 75.0%, 7: 15.0%, 4: 8.0%, 2: 2.0%"
Registration_Age,Numeric,"years, 1 to 25","About 40,000 cars at each age"
Car_Price,Numeric,INR,Target variable

"Source: calculated from Stable Space (2026). Shares are of all 1,005,000 listings; no share differs by more than 0.2 percentage points between the luxury and non-luxury segments."
