"Table A5  Car_Price bands by Kms_Driven decile (INR; listings with Kms_Driven ≤ 1,000,000)"
Decile,Kms_Driven (km),n,P5,Q1,Median,Q3,P95
D1,"3,216 to 58,680","99,887","169,069","412,498","756,694","1,387,144","3,339,005"
D2,"58,680 to 81,556","99,887","163,796","394,299","722,737","1,331,816","3,189,281"
D3,"81,556 to 103,446","99,886","159,446","384,591","705,564","1,295,140","3,104,325"
D4,"103,446 to 126,516","99,887","156,335","374,729","690,205","1,265,987","3,045,450"
D5,"126,516 to 152,610","99,886","154,404","367,915","675,761","1,247,316","3,025,470"
D6,"152,610 to 184,108","99,887","151,476","362,523","669,288","1,230,314","2,933,993"
D7,"184,108 to 224,840","99,886","147,982","356,983","659,175","1,213,957","2,916,713"
D8,"224,840 to 284,119","99,887","146,505","352,845","646,141","1,188,585","2,846,771"
D9,"284,119 to 390,183","99,886","143,444","343,595","628,605","1,157,695","2,796,179"
D10,"390,187 to 999,999","99,887","135,828","327,841","603,779","1,108,006","2,638,995"

Source: calculated from Stable Space (2026). Listings below P5 or above P95 of their own decile make up 10.0% of the total (manual-check rule in Table 4).
